Market,London Fix,London Fix,London Fix,London Fix,London Fix,London Fix,London Fix,Lease Rates
Metal/Currency,Gold,Gold,Silver,Platinum,Platinum,Palladium,Palladium,6 Month
Priced In,USD,USD,USD,USD,USD,USD,USD,Gold
Price Type,AM Fix,PM Fix,Fix,AM Fix,PM Fix,AM Fix,PM Fix,% pa
Summary,,,,,,,,
"01/01/16",,,,,,,,,,,,,,,,,,,
"02/01/16",,,,,,,,,,,,,,,,,,,
"03/01/16",,,,,,,,,,,,,,,,,,,
"04/01/16",1072.7,1082.25,14,878,893,547,550,
"05/01/16",1078,1077,14.01,890,893,545,544,
"06/01/16",1083.85,1091.4,14.005,885,873,532,519,
"07/01/16",1096,1106.35,14.03,869,865,496,486,
"08/01/16",1097.45,1101.85,14.04,876,874,498,505,
"09/01/16",,,,,,,,,,,,,,,,,,,
"10/01/16",,,,,,,,,,,,,,,,,,,
"11/01/16",1104.7,1100.75,13.97,871,853,486,485,
"12/01/16",1094.85,1085.4,13.88,837,843,465,470,
"13/01/16",1081.8,1088.15,13.83,841,843,483,490,
"14/01/16",1090.75,1088.4,14.02,846,835,483,485,
"15/01/16",1081.1,1093.75,13.8,833,839,484,492,
"16/01/16",,,,,,,,,,,,,,,,,,,
"17/01/16",,,,,,,,,,,,,,,,,,,
"18/01/16",1090.45,1089.2,13.88,826,816,490,495,
"19/01/16",1087,1086.25,14.03,830,834,498,499,
"20/01/16",1093.2,1101.75,14.05,822,820,488,486,
"21/01/16",1096.8,1096.5,14.01,817,814,493,497,
"22/01/16",1097.65,1096.25,14.17,824,833,504,507,
"23/01/16",,,,,,,,,,,,,,,,,,,
"24/01/16",,,,,,,,,,,,,,,,,,,
"25/01/16",1103.7,1106.6,14.22,841,862,494,494,
"26/01/16",1114.7,1113.6,14.33,862,867,491,500,
"27/01/16",1116.5,1116.25,14.38,873,876,494,494,
"28/01/16",1119,1114,13.58,884,883,500,499,
"29/01/16",1112.9,1111.8,14.08,864,866,493,501,
"30/01/16",,,,,,,,,,,,,,,,,,,
"31/01/16",,,,,,,,,,,,,,,,,,,
"01/02/16",1122,1126.5,14.33,865,867,495,502,
"02/02/16",1123.6,1128.5,14.26,860,863,497,495,
"03/02/16",1130,1132,14.41,862,861,498,493,
"04/02/16",1146.25,1156.35,14.74,890,897,506,509,
"05/02/16",1158.5,1150.35,14.91,911,899,517,509,
"06/02/16",,,,,,,,,,,,,,,,,,,
"07/02/16",,,,,,,,,,,,,,,,,,,
"08/02/16",1173.4,1193.25,14.94,906,913,499,496,
"09/02/16",1188.9,1191,15.34,925,932,515,517,
"10/02/16",1183.4,1190,15.12,922,926,513,519,
"11/02/16",1223.25,1241,15.65,939,948,523,521,
"12/02/16",1239.5,1239.75,15.64,952,957,521,526,
"13/02/16",,,,,,,,,,,,,,,,,,,
"14/02/16",,,,,,,,,,,,,,,,,,,
"15/02/16",1208.45,1208.2,15.26,936,938,519,516,
"16/02/16",1212,1209.5,15.35,937,933,510,509,
"17/02/16",1202.4,1210,15.25,936,939,511,513,
"18/02/16",1204.4,1210.1,15.25,942,933,513,507,
"19/02/16",1221.5,1231.15,15.37,939,941,501,507,
"20/02/16",,,,,,,,,,,,,,,,,,,
"21/02/16",,,,,,,,,,,,,,,,,,,
"22/02/16",1203.65,1211,15,927,922,499,501,
"23/02/16",1218.75,1221.35,15.21,926,929,499,498,
"24/02/16",1232.25,1250.75,15.32,936,950,498,498,
"25/02/16",1235.4,1236,15.16,940,930,491,487,
"26/02/16",1231,1226.5,15.17,922,928,485,492,
"27/02/16",,,,,,,,,,,,,,,,,,,
"28/02/16",,,,,,,,,,,,,,,,,,,
"29/02/16",1234.15,1234.9,14.75,920,919,491,494,
"01/03/16",1240,1236.5,14.99,938,943,503,511,
"02/03/16",1229.35,1239.2,14.82,938,931,518,517,
"03/03/16",1241.95,1250.25,14.97,936,940,517,524,
"04/03/16",1271.5,1277.5,15.43,959,960,541,550,
"05/03/16",,,,,,,,,,,,,,,,,,,
"06/03/16",,,,,,,,,,,,,,,,,,,
"07/03/16",1267.6,1267.9,15.66,997,1002,559,571,
"08/03/16",1274.1,1267,15.66,1002,1005,566,575,
"09/03/16",1258.25,1246.4,15.27,978,980,556,564,
"10/03/16",1247.25,1266.5,15.27,979,979,562,571,
"11/03/16",1262.25,1264.75,15.5,976,974,569,576,
"12/03/16",,,,,,,,,,,,,,,,,,,
"13/03/16",,,,,,,,,,,,,,,,,,,
"14/03/16",1256.55,1242.75,15.6,969,963,575,567,
"15/03/16",1233.6,1232,15.32,952,956,559,566,
"16/03/16",1233.1,1228.5,15.29,967,963,567,574,
"17/03/16",1269.6,1266.5,15.73,983,988,585,589,
"18/03/16",1254.5,1252.1,15.94,977,972,592,593,
"19/03/16",,,,,,,,,,,,,,,,,,,
"20/03/16",,,,,,,,,,,,,,,,,,,
"21/03/16",1244.25,1244.9,15.81,966,978,586,600,
"22/03/16",1251.8,1252.5,15.89,981,991,597,605,
"23/03/16",1232.2,1217.6,15.58,985,960,596,580,
"24/03/16",1216.45,1221,15.28,952,957,577,577,
"25/03/16",,,,,,,,,,,,,,,,,,,
"26/03/16",,,,,,,,,,,,,,,,,,,
"27/03/16",,,,,,,,,,,,,,,,,,,
"28/03/16",,,,,,,,,,,,,,,,,,,
"29/03/16",1216.45,1226,15.06,945,948,568,566,
"30/03/16",1238.2,1236.25,15.38,970,971,577,570,
"31/03/16",1233.6,1237,15.38,970,976,570,569,
"01/04/16",1232.1,1213.6,15.38,982,957,573,559,
"02/04/16",,,,,,,,,,,,,,,,,,,
"03/04/16",,,,,,,,,,,,,,,,,,,
"04/04/16",1215,1219.75,14.96,949,954,559,559,
"05/04/16",1231.5,1231.25,15.19,955,961,558,553,
"06/04/16",1225.75,1221.4,15.07,956,942,553,542,
"07/04/16",1237.5,1242.1,15.22,945,955,538,536,
"08/04/16",1235,1239.5,15.16,956,957,542,537,
"09/04/16",,,,,,,,,,,,,,,,,,,
"10/04/16",,,,,,,,,,,,,,,,,,,
"11/04/16",1247.25,1254.75,15.56,972,981,544,547,
"12/04/16",1259.2,1254.6,15.96,997,990,554,546,
"13/04/16",1245.75,1245.75,15.98,994,994,548,541,
"14/04/16",1240.3,1233.85,16.13,991,993,541,555,
"15/04/16",1229.75,1227.1,16.17,988,986,562,568,
"16/04/16",,,,,,,,,,,,,,,,,,,
"17/04/16",,,,,,,,,,,,,,,,,,,
"18/04/16",1237.7,1234.3,16.2,982,978,561,565,
"19/04/16",1241.7,1255.4,16.62,990,999,571,582,
"20/04/16",1247.75,1252,16.97,1008,1018,582,592,
"21/04/16",1257.65,1249.25,17.32,1026,1041,594,616,
"22/04/16",1245.4,1243.25,17.19,1031,1028,607,611,
"23/04/16",,,,,,,,,,,,,,,,,,,
"24/04/16",,,,,,,,,,,,,,,,,,,
"25/04/16",1230.85,1238.9,16.86,1008,1015,602,606,
"26/04/16",1234.5,1241.7,16.95,1011,1005,598,597,
"27/04/16",1244.75,1247.4,17.34,1016,1019,602,604,
"28/04/16",1256.6,1256,17.35,1032,1040,609,617,
"29/04/16",1274.5,1285.65,17.855,1060,1065,624,628,
"30/04/16",,,,,,,,,,,,,,,,,,,
"01/05/16",,,,,,,,,,,,,,,,,,,
"02/05/16",,,,,,,,
"03/05/16",1296.5,1294,17.49,1084,1081,620,617,
"04/05/16",1280.3,1283,17.18,1056,1061,603,601,
"05/05/16",1275.75,1280.25,17.38,1057,1064,602,607,
"06/05/16",1280.25,1289,17.31,1061,1072,600,604,
"07/05/16",,,,,,,,,,,,,,,,,,,
"08/05/16",,,,,,,,,,,,,,,,,,,
"09/05/16",1277.75,1265.25,17.33,1070,1053,598,591,
"10/05/16",1264.85,1262.8,17.04,1046,1043,583,583,
"11/05/16",1271.8,1276.85,17.51,1058,1067,596,605,
"12/05/16",1268.3,1279.25,17.23,1058,1057,603,607,
"13/05/16",1275.15,1265.9,17.09,1055,1042,595,592,
"14/05/16",,,,,,,,,,,,,,,,,,,
"15/05/16",,,,,,,,,,,,,,,,,,,
"16/05/16",1281,1285.75,17.32,1053,1058,595,591,
"17/05/16",1270.1,1277,17.08,1050,1042,588,582,
"18/05/16",1270.9,1272.9,17.05,1039,1034,579,576,
"19/05/16",1253.75,1246.25,16.6,1019,1010,572,565,
"20/05/16",1256.5,1254.2,16.56,1019,1025,561,567,
"21/05/16",,,,,,,,,,,,,,,,,,,
"22/05/16",,,,,,,,,,,,,,,,,,,
"23/05/16",1250.4,1245.9,16.31,1017,1007,552,549,
"24/05/16",1242.65,1236.85,16.27,1007,1006,545,544,
"25/05/16",1220.75,1220.6,16.205,997,994,533,523,
"26/05/16",1226.65,1223.85,16.46,1001,1003,540,545,
"27/05/16",1221.25,1216.25,16.3,993,984,543,546,
"28/05/16",,,,,,,,,,,,,,,,,,,
"29/05/16",,,,,,,,,,,,,,,,,,,
"30/05/16",,,,,,,,
"31/05/16",1210.5,1212.1,16.06,977,971,542,540,
"01/06/16",1216.25,1214.5,15.95,974,976,543,546,
"02/06/16",1215.5,1212.4,15.98,974,965,545,538,
"03/06/16",1211,1240.5,16.1,960,979,539,554,
"04/06/16",,,,,,,,,,,,,,,,,,,
"05/06/16",,,,,,,,,,,,,,,,,,,
"06/06/16",1240.55,1244,16.4,986,989,555,556,
"07/06/16",1241.1,1241,16.31,992,986,556,550,
"08/06/16",1252.4,1263,16.75,1007,1016,558,568,
"09/06/16",1258.35,1263.9,17.05,1000,993,552,556,
"10/06/16",1266.6,1275.5,17.32,992,996,553,554,
"11/06/16",,,,,,,,,,,,,,,,,,,
"12/06/16",,,,,,,,,,,,,,,,,,,
"13/06/16",1284.1,1280.8,17.32,992,993,546,546,
"14/06/16",1279.4,1287.15,17.25,983,985,540,540,
"15/06/16",1282,1283.3,17.41,979,981,542,544,
"16/06/16",1307,1310.75,17.71,984,985,539,540,
"17/06/16",1284.5,1290.7,17.37,977,968,541,531,
"18/06/16",,,,,,,,,,,,,,,,,,,
"19/06/16",,,,,,,,,,,,,,,,,,,
"20/06/16",1283.25,1281.8,17.335,975,978,544,543,
"21/06/16",1280.8,1272.6,17.36,986,974,548,544,
"22/06/16",1265,1264.85,17.2,981,980,551,557,
"23/06/16",1265.75,1262.15,17.29,975,963,557,560,
"24/06/16",1313.85,1315.5,18.04,976,987,548,548,
"25/06/16",,,,,,,,,,,,,,,,,,,
"26/06/16",,,,,,,,,,,,,,,,,,,
"27/06/16",1324.6,1324.55,17.7,991,986,550,554,
"28/06/16",1312,1309.7,17.57,979,975,561,568,
"29/06/16",1317.75,1321.5,18.21,988,997,574,582,
"30/06/16",1317,1320.75,18.36,1004,999,587,589,
"01/07/16",1331.75,1340,19.24,1033,1039,593,598,
"02/07/16",,,,,,,,,,,,,,,,,,,
"03/07/16",,,,,,,,,,,,,,,,,,,
"04/07/16",1348.75,1350.75,20.36,1055,1066,603,611,
"05/07/16",1344.75,1350.75,19.73,1057,1063,595,604,
"06/07/16",1370,1366.25,20.43,1071,1070,600,596,
"07/07/16",1367.1,1356.7,19.95,1086,1086,608,608,
"08/07/16",1356.1,1354.25,19.72,1077,1082,604,606,
"09/07/16",,,,,,,,,,,,,,,,,,,
"10/07/16",,,,,,,,,,,,,,,,,,,
"11/07/16",1358.25,1357.1,20.47,1093,1087,615,621,
"12/07/16",1352.85,1342.4,20.35,1100,1092,625,627,
"13/07/16",1340.25,1342.75,20.29,1092,1091,638,640,
"14/07/16",1325.7,1323.6,20.25,1081,1085,636,645,
"15/07/16",1330.5,1327,20.14,1096,1092,647,645,
"16/07/16",,,,,,,,,,,,,,,,,,,
"17/07/16",,,,,,,,,,,,,,,,,,,
"18/07/16",1326.15,1334.7,19.72,1085,1083,636,637,
"19/07/16",1332.2,1330.9,19.99,1090,1086,643,648,
"20/07/16",1325.6,1315.9,19.7,1083,1067,653,649,
"21/07/16",1322,1321.15,19.34,1087,1089,668,676,
"22/07/16",1323.2,1320.75,19.7,1094,1092,680,684,
"23/07/16",,,,,,,,,,,,,,,,,,,
"24/07/16",,,,,,,,,,,,,,,,,,,
"25/07/16",1315,1313.15,19.41,1072,1068,674,682,
"26/07/16",1321.25,1323,19.68,1087,1087,684,687,
"27/07/16",1320.8,1329,19.58,1095,1105,686,694,
"28/07/16",1341.3,1341.75,20.41,1149,1143,704,702,
"29/07/16",1332.5,1342,20.04,1128,1143,695,707,
"30/07/16",,,,,,,,,,,,,,,,,,,
"31/07/16",,,,,,,,,,,,,,,,,,,
"01/08/16",1348.85,1349.65,20.51,1150,1150,713,721,
"02/08/16",1358.15,1363.75,20.71,1165,1175,714,720,
"03/08/16",1364.4,1358.9,20.59,1163,1161,706,706,
"04/08/16",1351.15,1362.75,20.16,1155,1157,708,711,
"05/08/16",1362.6,1340.4,20.22,1161,1146,703,699,
"06/08/16",,,,,,,,,,,,,,,,,,,
"07/08/16",,,,,,,,,,,,,,,,,,,
"08/08/16",1330,1336.8,19.66,1143,1149,692,695,
"09/08/16",1332.9,1341,19.7,1144,1143,686,687,
"10/08/16",1351.85,1347.7,20.335,1177,1182,731,730,
"11/08/16",1344.55,1355,20.21,1175,1165,719,709,
"12/08/16",1336.7,1352.2,19.87,1141,1146,692,694,
"13/08/16",,,,,,,,,,,,,,,,,,,
"14/08/16",,,,,,,,,,,,,,,,,,,
"15/08/16",1339.2,1339.4,19.9,1123,1112,688,684,
"16/08/16",1349.1,1344,20.035,1126,1124,698,701,
"17/08/16",1342.75,1343.35,19.57,1115,1109,696,698,
"18/08/16",1347.1,1350.05,19.78,1124,1122,697,701,
"19/08/16",1346.85,1346.4,19.415,1115,1106,705,711,
"20/08/16",,,,,,,,,,,,,,,,,,,
"21/08/16",,,,,,,,,,,,,,,,,,,
"22/08/16",1334.3,1335.9,18.91,1107,1110,704,707,
"23/08/16",1338.5,1342,18.98,1107,1108,696,695,
"24/08/16",1337.3,1327.25,18.84,1105,1090,696,692,
"25/08/16",1324.5,1321.3,18.5,1083,1074,687,685,
"26/08/16",1324.9,1318.75,18.67,1082,1077,693,690,
"27/08/16",,,,,,,,,,,,,,,,,,,
"28/08/16",,,,,,,,,,,,,,,,,,,
"29/08/16",,,,,,,,
"30/08/16",1318.85,1318.15,18.78,1076,1067,692,690,
"31/08/16",1314.45,1309.25,18.74,1060,1050,683,674,
"01/09/16",1305.7,1309.5,18.65,1051,1043,669,666,
"02/09/16",1311.5,1325.7,18.75,1044,1052,667,670,
"03/09/16",,,,,,,,,,,,,,,,,,,
"04/09/16",,,,,,,,,,,,,,,,,,,
"05/09/16",1328.3,1326.35,19.46,1068,1065,677,676,
"06/09/16",1330.05,1337.25,19.6,1078,1087,682,689,
"07/09/16",1348.75,1348.35,19.92,1095,1097,700,698,
"08/09/16",1348,1343.4,19.93,1093,1088,695,694,
"09/09/16",1335.65,1330.85,19.41,1079,1073,679,678,
"10/09/16",,,,,,,,,,,,,,,,,,,
"11/09/16",,,,,,,,,,,,,,,,,,,
"12/09/16",1327.5,1324.6,18.72,1049,1043,664,665,
"13/09/16",1328.5,1323.65,19.16,1055,1046,663,657,
"14/09/16",1323.2,1321.75,19.04,1041,1032,660,653,
"15/09/16",1320.1,1310.8,18.96,1034,1031,654,656,
"16/09/16",1314.25,1308.35,18.91,1027,1012,652,656,
"17/09/16",,,,,,,,,,,,,,,,,,,
"18/09/16",,,,,,,,,,,,,,,,,,,
"19/09/16",1315.05,1314.85,19.12,1027,1021,678,681,
"20/09/16",1315.4,1313.8,19.17,1026,1022,688,682,
"21/09/16",1319.6,1326.1,19.43,1038,1043,686,688,
"22/09/16",1332.45,1339.1,19.875,1046,1059,686,697,
"23/09/16",1335.9,1338.65,19.82,1055,1055,690,697,
"24/09/16",,,,,,,,,,,,,,,,,,,
"25/09/16",,,,,,,,,,,,,,,,,,,
"26/09/16",1336.3,1340.5,19.44,1038,1036,688,691,
"27/09/16",1335.85,1327,19.42,1040,1033,694,691,
"28/09/16",1324.8,1322.5,19.12,1025,1018,703,701,
"29/09/16",1320.85,1318.1,19.01,1028,1021,709,709,
"30/09/16",1327.9,1322.5,19.35,1031,1034,719,722,
"01/10/16",,,,,,,,,,,,,,,,,,,
"02/10/16",,,,,,,,,,,,,,,,,,,
"03/10/16",1318.65,1313.3,19.18,1020,1013,719,722,
"04/10/16",1309.15,1283.3,18.74,1007,998,711,705,
"05/10/16",1274,1269.4,17.8,993,983,692,683,
"06/10/16",1265.5,1254.5,17.76,976,973,674,667,
"07/10/16",1255,1258.75,17.33,964,975,669,674,
"08/10/16",,,,,,,,,,,,,,,,,,,
"09/10/16",,,,,,,,,,,,,,,,,,,
"10/10/16",1262.1,1259.5,17.78,969,967,668,667,
"11/10/16",1256.4,1253.45,17.48,960,958,664,657,
"12/10/16",1255.7,1256.5,17.44,948,947,651,651,
"13/10/16",1258,1261.05,17.59,942,935,642,640,
"14/10/16",1256.15,1251.75,17.47,938,933,638,642,
"15/10/16",,,,,,,,,,,,,,,,,,,
"16/10/16",,,,,,,,,,,,,,,,,,,
"17/10/16",1252.7,1254.8,17.4,938,932,647,641,
"18/10/16",1261.65,1258.2,17.65,947,940,642,639,
"19/10/16",1269.75,1269.05,17.69,944,942,639,638,
"20/10/16",1269.2,1271.65,17.6,940,935,633,634,
"21/10/16",1263.95,1266.05,17.51,926,927,622,619,
"22/10/16",,,,,,,,,,,,,,,,,,,
"23/10/16",,,,,,,,,,,,,,,,,,,
"24/10/16",1267,1265.55,17.64,936,947,626,628,
"25/10/16",1269.3,1269.4,17.73,951,958,640,636,
"26/10/16",1273.9,1270.5,17.66,966,961,636,631,
"27/10/16",1269.3,1266.25,17.66,960,970,620,617,
"28/10/16",1265.9,1273,17.61,965,972,612,616,
"29/10/16",,,,,,,,,,,,,,,,,,,
"30/10/16",,,,,,,,,,,,,,,,,,,
"31/10/16",1274.2,1272,17.76,979,976,615,612,
"01/11/16",1284.4,1288.45,18.24,983,995,627,631,
"02/11/16",1295.85,1303.75,18.54,991,994,630,635,
"03/11/16",1293,1301,18.07,985,986,628,627,
"04/11/16",1301.7,1302.8,18.3,995,1003,619,625,
"05/11/16",,,,,,,,,,,,,,,,,,,
"06/11/16",,,,,,,,,,,,,,,,,,,
"07/11/16",1286.8,1283.05,18.22,989,995,625,632,
"08/11/16",1284,1282.35,18.26,1008,1003,651,656,
"09/11/16",1304.55,1281.4,18.81,1008,1003,651,656,
"10/11/16",1280.9,1267.5,18.75,994,984,681,690,
"11/11/16",1255.65,1236.45,18.59,973,974,684,685,
"12/11/16",,,,,,,,,,,,,,,,,,,
"13/11/16",,,,,,,,,,,,,,,,,,,
"14/11/16",1222.6,1213.6,17.195,940,936,677,683,
"15/11/16",1228.9,1226.95,17,942,933,706,708,
"16/11/16",1225.7,1229.2,16.95,933,937,699,716,
"17/11/16",1232,1226.75,17.04,942,935,717,718,
"18/11/16",1206.1,1211,16.51,925,923,714,718,
"19/11/16",,,,,,,,,,,,,,,,,,,
"20/11/16",,,,,,,,,,,,,,,,,,,
"21/11/16",1214.95,1214.25,16.68,928,929,726,730,
"22/11/16",1217.55,1212.25,16.76,946,940,738,746,
"23/11/16",1213.25,1185.35,16.56,938,923,742,725,
"24/11/16",1187.25,1186.1,16.31,917,914,734,733,
"25/11/16",1187.5,1187.7,16.465,911,906,724,729,
"26/11/16",,,,,,,,,,,,,,,,,,,
"27/11/16",,,,,,,,,,,,,,,,,,,
"28/11/16",1189.1,1187,16.68,916,911,751,749,
"29/11/16",1187.3,1186.55,16.54,923,917,753,761,
"30/11/16",1187.4,1178.1,16.67,918,920,764,770,
"01/12/16",1168.75,1161.85,16.3,903,906,774,767,
"02/12/16",1171.65,1173.5,16.35,916,918,746,743,
"03/12/16",,,,,,,,,,,,,,,,,,,
"04/12/16",,,,,,,,,,,,,,,,,,,
"05/12/16",1164.9,1162.2,16.62,925,930,729,732,
"06/12/16",1171.15,1172.5,16.79,939,941,750,747,
"07/12/16",1171.25,1177.65,16.77,930,944,727,734,
"08/12/16",1174.75,1171.05,17.13,947,940,734,725,
"09/12/16",1168.9,1163.6,16.95,937,925,743,744,
"10/12/16",,,,,,,,,,,,,,,,,,,
"11/12/16",,,,,,,,,,,,,,,,,,,
"12/12/16",1154.4,1156.1,16.86,915,923,732,734.5,
"13/12/16",1157.35,1158.55,17.01,928,934,727,733,
"14/12/16",1160.95,1162.25,17.11,937,942,730,733,
"15/12/16",1132.45,1126.95,16.14,922,914,724,727,
"16/12/16",1134.85,1131.6,16.05,904,904,689,688,
"17/12/16",,,,,,,,,,,,,,,,,,,
"18/12/16",,,,,,,,,,,,,,,,,,,
"19/12/16",1137.6,1136.25,16,924,925,685,681,
"20/12/16",1132.75,1125.7,15.8,914,908,671,665,
"21/12/16",1134.4,1133.65,16.03,914,912,663,659,
"22/12/16",1130.55,1131.35,15.77,910,906,653,655,
"23/12/16",1131,,15.74,905,,654,,
"24/12/16",,,,,,,,,,,,,,,,,,,
"25/12/16",,,,,,,,,,,,,,,,,,,
"26/12/16",,,,,,,,,,,,,,,,,,,
"27/12/16",,,,,,,,,,,,,,,,,,,
"28/12/16",1139.75,1134.6,15.8,903,899,671,675,
"29/12/16",1146.8,1145.9,16.06,905,898,670,670,
"30/12/16",1159.1,,16.24,907,,676,,
"31/12/16",,,,,,,,,,,,,,,,,,,
"01/01/17",,,,,,,,,,,,,,,,,,,
"02/01/17",,,,,,,,,,,,,,,,,,,
"03/01/17",1148.65,1151,15.95,906,929,684,706,
"04/01/17",1165.9,1164.25,16.42,942,948,724,738,
"05/01/17",1173.05,1176.7,16.59,952,967,730,738,
"06/01/17",1178,1175.85,16.45,968,959,744,745,
"07/01/17",,,,,,,,,,,,,,,,,,,
"08/01/17",,,,,,,,,,,,,,,,,,,
"09/01/17",1176.1,1178.5,16.52,971,976,756,760,
"10/01/17",1183.2,1189.5,16.665,971,973,755,759,
"11/01/17",1187.55,1178.55,16.79,980,977,761,748,
"12/01/17",1206.65,1205.05,16.91,990,981,755,758,
"13/01/17",1196.35,1190.35,16.76,975,971,754,746,
"14/01/17",,,,,,,,,,,,,,,,,,,
"15/01/17",,,,,,,,,,,,,,,,,,,
"16/01/17",1202.75,1203,16.82,983,984,740,745,
"17/01/17",1217.5,1216.05,17,994,988,751,759,
"18/01/17",1212.5,1214.75,17.12,974,968,745,743,
"19/01/17",1203.35,1196.05,16.95,964,956,749,751,
"20/01/17",1199.1,1200.55,16.89,955,963,752,761,
"21/01/17",,,,,,,,,,,,,,,,,,,
"22/01/17",,,,,,,,,,,,,,,,,,,
"23/01/17",1213.75,1212.85,17.14,979,981,786,787,
"24/01/17",1213.3,1216.8,17.105,979,986,777,785,
"25/01/17",1203.5,1195,16.93,990,993,783,762,
"26/01/17",1191.55,1189.7,16.86,981,972,737,717,
"27/01/17",1184.2,1184.85,16.7,970,965,713,722,
"28/01/17",,,,,,,,,,,,,,,,,,,
"29/01/17",,,,,,,,,,,,,,,,,,,
"30/01/17",1189.85,1192.8,17.1,978,979,728,730,
"31/01/17",1198.8,1212.8,17.29,987,991,750,756,
"01/02/17",1210,1203.65,17.6,996,994,764,759,
"02/02/17",1224.05,1221.95,17.71,1003,1004,759,767,
"03/02/17",1213.05,1215.2,17.28,992,992,749,747,
"04/02/17",,,,,,,,,,,,,,,,,,,
"05/02/17",,,,,,,,,,,,,,,,,,,
"06/02/17",1221.85,1226.75,17.6,1008,1012,764,768,
"07/02/17",1231,1231,17.6,1005,1007,755,768,
"08/02/17",1235.6,1242.1,17.74,1011,1016,770,769,
"09/02/17",1241.75,1236.8,17.715,1020,1019,773,777,
"10/02/17",1225.75,1228.3,17.62,1003,993,774,781,
"11/02/17",,,,,,,,,,,,,,,,,,,
"12/02/17",,,,,,,,,,,,,,,,,,,
"13/02/17",1229.4,1222.25,17.97,1007,999,776,778,
"14/02/17",1229.65,1230.75,17.905,1000,1004,778,782,
"15/02/17",1225.15,1224.4,17.88,998,992,780,783,
"16/02/17",1236.75,1240.55,18.1,1012,1013,790,791,
"17/02/17",1241.4,1241.95,18.005,1014,1010,791,793,
"18/02/17",,,,,,,,,,,,,,,,,,,
"19/02/17",,,,,,,,,,,,,,,,,,,
"20/02/17",1235.35,1237.3,17.98,1001,1002,775,777,
"21/02/17",1228.7,1233.2,17.89,993,988,763,767,
"22/02/17",1237.5,1236.65,18,1003,999,783,774,
"23/02/17",1237.35,1247.9,18,995,1014,766,779,
"24/02/17",1255.35,1253.65,18.27,1015,1027,779,786,
"25/02/17",,,,,,,,,,,,,,,,,,,
"26/02/17",,,,,,,,,,,,,,,,,,,
"27/02/17",1256.25,1257.2,18.34,1026,1033,773,784,
"28/02/17",1251.9,1255.6,18.28,1026,1029,783,781,
"01/03/17",1246.05,1240.4,18.33,1027,1015,778,775,
"02/03/17",1243.3,1238.1,18.33,1011,1001,776,774,
"03/03/17",1228.75,1226.5,17.66,988,987,767,756,
"04/03/17",,,,,,,,,,,,,,,,,,,
"05/03/17",,,,,,,,,,,,,,,,,,,
"06/03/17",1231.15,1230.95,17.81,988,985,772,771,
"07/03/17",1223.7,1216.65,17.7,970,966,770,770,
"08/03/17",1213.3,1209.2,17.4,957,952,767,766,
"09/03/17",1204.6,1206.55,17.14,948,944,759,754,
"10/03/17",1196.55,1202.65,16.89,940,942,746,752,
"11/03/17",,,,,,,,,,,,,,,,,,,
"12/03/17",,,,,,,,,,,,,,,,,,,
"13/03/17",1207.8,1204.2,17.02,945,937,752,750,
"14/03/17",1203.55,1204.6,17,937,937,749,747,
"15/03/17",1202.25,1198.8,16.91,940,933,748,744,
"16/03/17",1225.6,1229.35,17.46,962,956,764,769,
"17/03/17",1228.75,1229.6,17.4,955,960,771,778,
"18/03/17",,,,,,,,,,,,,,,,,,,
"19/03/17",,,,,,,,,,,,,,,,,,,
"20/03/17",1233,1232.4,17.23,964,962,774,777,
"21/03/17",1232.05,1241.6,17.31,963,973,784,788,
"22/03/17",1246.1,1249.05,17.58,967,967,781,793,
"23/03/17",1247.9,1247.5,17.55,962,963,793,803,
"24/03/17",1244,1247.5,17.63,959,964,803,816,
"25/03/17",,,,,,,,,,,,,,,,,,,
"26/03/17",,,,,,,,,,,,,,,,,,,
"27/03/17",1256.9,1257.55,17.94,978,977,806,803,
"28/03/17",1253.65,1257.25,17.94,963,964,788,787,
"29/03/17",1252.9,1251.1,18.13,955,953,793,788,
"30/03/17",1250.9,1248.8,18.1,956,954,788,796,
"31/03/17",1241.7,1244.85,18.06,945,940,797,798,
"01/04/17",,,,,,,,,,,,,,,,,,,
"02/04/17",,,,,,,,,,,,,,,,,,,
"03/04/17",1246.25,1247.25,18.16,953,948,798,797,
"04/04/17",1258.65,1257.65,18.34,956,958,805,806,
"05/04/17",1252.5,1245.8,18.26,967,963,809,816,
"06/04/17",1253.75,1252.5,18.22,958,955,806,803,
"07/04/17",1264.3,1266.45,18.4,962,967,804,806,
"08/04/17",,,,,,,,,,,,,,,,,,,
"09/04/17",,,,,,,,,,,,,,,,,,,
"10/04/17",1253.6,1250.05,17.94,950,940,799,790,
"11/04/17",1255.7,1252.9,17.94,944,943,790,791,
"12/04/17",1272.3,1274.3,18.31,966,962,802,794,
"13/04/17",1286.1,1284.15,18.56,973,975,806,807,
"14/04/17",,,,,,,,
"15/04/17",,,,,,,,,,,,,,,,,,,
"16/04/17",,,,,,,,,,,,,,,,,,,
"17/04/17",,,,,,,,
"18/04/17",1285,1278.95,18.42,983,985,790,789,
"19/04/17",1282.05,1279.05,18.22,975,979,775,779,
"20/04/17",1279.9,1282.1,18.19,968,976,787,794,
"21/04/17",1281.5,1281.85,17.98,977,979,802,803,
"22/04/17",,,,,,,,,,,,,,,,,,,
"23/04/17",,,,,,,,,,,,,,,,,,,
"24/04/17",1271.8,1269.4,17.81,966,955,800,795,
"25/04/17",1270.5,1267.8,17.84,957,954,791,795,
"26/04/17",1264.95,1261.85,17.59,953,949,802,799,
"27/04/17",1264.3,1262.8,17.46,947,944,803,810,
"28/04/17",1265.55,1266.45,17.41,946,946,816,824,
"29/04/17",,,,,,,,,,,,,,,,,,,
"30/04/17",,,,,,,,,,,,,,,,,,,
"01/05/17",,,,,,,,
"02/05/17",1255.8,1255.45,16.95,935,924,813,819,
"03/05/17",1253.95,1250.3,16.85,914,911,806,801,
"04/05/17",1235.85,1228.45,16.5,904,897,804,796,
"05/05/17",1239.4,1228.05,16.27,913,909,805,809,
"06/05/17",,,,,,,,,,,,,,,,,,,
"07/05/17",,,,,,,,,,,,,,,,,,,
"08/05/17",1229.7,1229.8,16.38,915,912,815,819,
"09/05/17",1225.15,1220.4,16.22,915,903,807,798,
"10/05/17",1222.95,1222.95,16.29,903,915,798,807,
"11/05/17",1221,1223.15,16.37,905,906,797,801,
"12/05/17",1227.9,1231.25,16.3,923,922,804,808,
"13/05/17",,,,,,,,,,,,,,,,,,,
"14/05/17",,,,,,,,,,,,,,,,,,,
"15/05/17",1231.5,1233.3,16.59,926,937,808,818,
"16/05/17",1234.05,1234.2,16.72,934,939,804,804,
"17/05/17",1244.6,1257.4,16.9,934,939,804,804,
"18/05/17",1261.35,1255.9,16.81,939,944,788,781,
"19/05/17",1251.85,1252,16.77,933,943,768,770,
"20/05/17",,,,,,,,,,,,,,,,,,,
"21/05/17",,,,,,,,,,,,,,,,,,,
"22/05/17",1255.25,1258.85,16.95,938,939,761,753,
"23/05/17",1259.9,1260.2,17.14,938,939,761,753,
"24/05/17",1251.35,1252.55,17.03,942,940,774,761,
"25/05/17",1257.1,1256.95,17.15,945,950,765,767,
"26/05/17",1265,1265.05,17.29,953,961,774,780,
"27/05/17",,,,,,,,,,,,,,,,,,,
"28/05/17",,,,,,,,,,,,,,,,,,,
"29/05/17",,,,,,,,
"30/05/17",1262.8,1262.7,17.27,946,941,796,797,
"31/05/17",1263.8,1266.2,17.31,941,947,805,814,
"01/06/17",1266.15,1264.85,17.13,943,931,816,823,
"02/06/17",1260.95,1274.95,17.19,928,932,833,837,
"03/06/17",,,,,,,,,,,,,,,,,,,
"04/06/17",,,,,,,,,,,,,,,,,,,
"05/06/17",1280.7,1279.95,17.52,953,950,843,841,
"06/06/17",1287.85,1293.5,17.56,960,960,846,854,
"07/06/17",1292.7,1291,17.6,960,949,857,843,
"08/06/17",1284.8,1273.1,17.6,946,945,845,855,
"09/06/17",1274.25,1266.55,17.35,937,939,863,896,
"10/06/17",,,,,,,,,,,,,,,,,,,
"11/06/17",,,,,,,,,,,,,,,,,,,
"12/06/17",1269.25,1266.4,17.13,943,944,899,898,
"13/06/17",1261.3,1262,16.82,942,929,900,886,
"14/06/17",1268.25,1275.5,16.96,928,942,886,891,
"15/06/17",1260.25,1254.55,16.86,934,921,853,861,
"16/06/17",1256.6,1255.4,16.76,922,923,871,869,
"17/06/17",,,,,,,,,,,,,,,,,,,
"18/06/17",,,,,,,,,,,,,,,,,,,
"19/06/17",1251.1,1248.15,16.67,923,918,873,871,
"20/06/17",1246.5,1242.2,16.59,927,921,867,863,
"21/06/17",1247.05,1242.5,16.51,920,917,874,882,
"22/06/17",1251.4,1250.8,16.58,929,933,886,889,
"23/06/17",1256.3,1255.7,16.71,931,927,887,886,
"24/06/17",,,,,,,,,,,,,,,,,,,
"25/06/17",,,,,,,,,,,,,,,,,,,
"26/06/17",1240.85,1245.25,16.53,921,922,858,862,
"27/06/17",1250.4,1249.55,16.66,923,920,862,865,
"28/06/17",1251.6,1248,16.78,919,921,860,858,
"29/06/17",1246.6,1243.5,16.83,919,910,862,857,
"30/06/17",1243.25,1242.25,16.47,921,922,843,841,
"01/07/17",,,,,,,,,,,,,,,,,,,
"02/07/17",,,,,,,,,,,,,,,,,,,
"03/07/17",1235.2,1229.25,16.48,919,911,843,838,
"04/07/17",1224.25,1223.75,16.15,909,908,852,853,
"05/07/17",1221.9,1220.3,15.95,907,901,855,841,
"06/07/17",1224.3,1224.9,16.01,909,905,844,835,
"07/07/17",1220.4,1215.65,15.84,904,911,837,834,
"08/07/17",,,,,,,,,,,,,,,,,,,
"09/07/17",,,,,,,,,,,,,,,,,,,
"10/07/17",1207.55,1211.9,15.22,901,895,837,830,
"11/07/17",1211.9,1211.05,15.51,895,891,839,839,
"12/07/17",1219.4,1218.8,15.83,905,919,853,866,
"13/07/17",1221.4,1218.9,15.95,917,914,868,869,
"14/07/17",1218.95,1230.3,15.71,905,918,859,860,
"15/07/17",,,,,,,,,,,,,,,,,,,
"16/07/17",,,,,,,,,,,,,,,,,,,
"17/07/17",1229.85,1234.1,16.07,924,927,859,858,
"18/07/17",1237.1,1240.75,16.17,924,927,862,867,
"19/07/17",1239.85,1242.15,16.23,921,925,862,870,
"20/07/17",1236.55,1238.7,16.18,914,918,853,849,
"21/07/17",1247.25,1248.55,16.43,928,937,848,852,
"22/07/17",,,,,,,,,,,,,,,,,,,
"23/07/17",,,,,,,,,,,,,,,,,,,
"24/07/17",1255.85,1255.55,16.5,935,937,841,847,
"25/07/17",1252,1254.4,16.31,927,926,858,860,
"26/07/17",1245.4,1248.1,16.37,923,920,856,860,
"27/07/17",1262.05,1261.1,16.79,929,930,878,879,
"28/07/17",1259.6,1264.9,16.56,926,927,877,875,
"29/07/17",,,,,,,,,,,,,,,,,,,
"30/07/17",,,,,,,,,,,,,,,,,,,
"31/07/17",1266.35,1267.55,16.76,935,938,888,894,
"01/08/17",1267.05,1270.95,16.74,943,941,889,894,
"02/08/17",1266.65,1269.6,16.67,945,940,899,900,
"03/08/17",1261.8,1268.1,16.47,949,956,889,895,
"04/08/17",1269.3,1257.7,16.7,967,966,884,884,
"05/08/17",,,,,,,,,,,,,,,,,,,
"06/08/17",,,,,,,,,,,,,,,,,,,
"07/08/17",1257.55,1258,16.13,962,966,870,872,
"08/08/17",1261.45,1261.8,16.39,969,972,885,894,
"09/08/17",1267.95,1271.05,16.59,974,979,895,899,
"10/08/17",1278.9,1284.4,17.08,974,982,894,904,
"11/08/17",1288.3,1286.1,17.09,982,984,900,898,
"12/08/17",,,,,,,,,,,,,,,,,,,
"13/08/17",,,,,,,,,,,,,,,,,,,
"14/08/17",1281.1,1282.3,16.97,970,968,895,902,
"15/08/17",1274.6,1270.3,16.89,961,952,897,887,
"16/08/17",1270.15,1272.75,16.68,964,963,893,896,
"17/08/17",1285.9,1285.15,17.02,974,975,918,927,
"18/08/17",1295.25,1295.8,17.15,983,985,928,932,
"19/08/17",,,,,,,,,,,,,,,,,,,
"20/08/17",,,,,,,,,,,,,,,,,,,
"21/08/17",1287.6,1292.9,17.02,980,982,931,934,
"22/08/17",1285.1,1284.2,17.02,975,974,937,934,
"23/08/17",1286.45,1286.65,17.06,979,979,935,935,
"24/08/17",1285.9,1289,16.93,972,977,933,940,
"25/08/17",1287.05,1285.3,17.02,979,975,939,930,
"26/08/17",,,,,,,,,,,,,,,,,,,
"27/08/17",,,,,,,,,,,,,,,,,,,
"28/08/17",,,,,,,,
"29/08/17",1323.4,1318.65,17.6,999,1001,942,941,
"30/08/17",1310.6,1308.5,17.44,991,989,940,936,
"31/08/17",1305.8,1311.75,17.34,990,986,935,935,
"01/09/17",1318.4,1320.4,17.5,997,999,934,946,
"02/09/17",,,,,,,,,,,,,,,,,,,
"03/09/17",,,,,,,,,,,,,,,,,,,
"04/09/17",1334.6,1333.1,17.8,1011,1007,988,976,
"05/09/17",1331.15,1335.55,17.88,1000,1006,974,984,
"06/09/17",1340.15,1337.85,17.77,1008,1011,966,957,
"07/09/17",1340.45,1343.5,17.79,1005,1007,942,947,
"08/09/17",1350.9,1346.25,18.21,1014,1014,949,942,
"09/09/17",,,,,,,,,,,,,,,,,,,
"10/09/17",,,,,,,,,,,,,,,,,,,
"11/09/17",1338.75,1334.2,17.85,1003,994,949,936,
"12/09/17",1326.25,1326.5,17.75,986,981,939,946,
"13/09/17",1332.25,1327.55,17.91,986,982,946,947,
"14/09/17",1323,1324.55,17.75,978,980,941,933,
"15/09/17",1325,1322.85,17.7,978,976,929,924,
"16/09/17",,,,,,,,,,,,,,,,,,,
"17/09/17",,,,,,,,,,,,,,,,,,,
"18/09/17",1314.4,1312.1,17.53,968,960,936,931,
"19/09/17",1308.45,1309.6,17.15,956,950,930,915,
"20/09/17",1314.9,1311.3,17.38,953,945,908,907,
"21/09/17",1297.35,1292.1,16.95,940,933,914,916,
"22/09/17",1297,1294.8,16.97,942,935,915,916,
"23/09/17",,,,,,,,,,,,,,,,,,,
"24/09/17",,,,,,,,,,,,,,,,,,,
"25/09/17",1295.5,1293.3,16.95,931,927,920,917,
"26/09/17",1306.9,1300.05,17.01,935,927,916,915,
"27/09/17",1291.3,1282.55,16.89,920,917,916,917,
"28/09/17",1284.3,1283.35,16.82,919,918,932,928,
"29/09/17",1286.95,1283.1,16.86,923,920,935,935,
"30/09/17",,,,,,,,,,,,,,,,,,,
"01/10/17",,,,,,,,,,,,,,,,,,,
"02/10/17",1273.1,1273.7,16.58,913,912,939,935,
"03/10/17",1270.7,1271.25,16.61,912,907,914,910,
"04/10/17",1275.55,1274.25,16.825,914,912,919,919,
"05/10/17",1278.4,1274.5,16.66,915,912,928,930,
"06/10/17",1268.2,1261.8,16.625,915,911,942,943,
"07/10/17",,,,,,,,,,,,,,,,,,,
"08/10/17",,,,,,,,,,,,,,,,,,,
"09/10/17",1282.15,1278.75,16.92,917,914,930,926,
"10/10/17",1289.6,1291.4,17.12,923,925,932,942,
"11/10/17",1290.2,1289.25,17.15,930,929,936,945,
"12/10/17",1294.45,1290.25,17.195,936,936,964,981,
"13/10/17",1293.9,1299.6,17.2,936,941,983,996,
"14/10/17",,,,,,,,,,,,,,,,,,,
"15/10/17",,,,,,,,,,,,,,,,,,,
"16/10/17",1305.15,1303.3,17.41,943,945,1005,1006,
"17/10/17",1289.7,1284.75,17.11,928,928,986,985,
"18/10/17",1280.65,1280.2,16.95,925,922,978,973,
"19/10/17",1283.4,1286.4,17.025,922,921,957,951,
"20/10/17",1280.25,1281.2,17.075,916,916,968,976,
"21/10/17",,,,,,,,,,,,,,,,,,,
"22/10/17",,,,,,,,,,,,,,,,,,,
"23/10/17",1275.25,1274.9,16.995,916,913,965,965,
"24/10/17",1278.3,1276.45,17.035,923,922,960,963,
"25/10/17",1273,1275,16.89,914,916,964,973,
"26/10/17",1278,1273.75,16.97,921,927,968,970,
"27/10/17",1267.8,1266.45,16.72,916,917,968,972,
"28/10/17",,,,,,,,,,,,,,,,,,,
"29/10/17",,,,,,,,,,,,,,,,,,,
"30/10/17",1272.75,1272,16.735,919,918,965,986,
"31/10/17",1274.4,1270.15,16.82,918,915,972,977,
"01/11/17",1279.25,1277.05,16.94,927,931,993,1002,
"02/11/17",1276.4,1279.2,17.08,929,931,993,1002,
"03/11/17",1275.3,1267.2,17.085,922,922,994,995,
"04/11/17",,,,,,,,,,,,,,,,,,,
"05/11/17",,,,,,,,,,,,,,,,,,,
"06/11/17",1271.6,1270.9,16.915,921,919,1001,994,
"07/11/17",1276.35,1275.6,17.005,926,926,993,1000,
"08/11/17",1282.25,1284,16.995,927,928,1001,1005.5,
"09/11/17",1284,1284.8,17.1,933,934,1019,1016,
"10/11/17",1284.45,1284.3,17,937,937,1008,1000,
"11/11/17",,,,,,,,,,,,,,,,,,,
"12/11/17",,,,,,,,,,,,,,,,,,,
"13/11/17",1278.4,1277.95,16.925,937,937,1008,1000,
"14/11/17",1273.7,1274.6,16.935,928,926,994,987,
"15/11/17",1285.7,1282.2,17.115,930,937,978,981,
"16/11/17",1277.7,1280,17.04,931,931,986,983,
"17/11/17",1283.85,1284.35,17.085,933,937,994,997,
"18/11/17",,,,,,,,,,,,,,,,,,,
"19/11/17",,,,,,,,,,,,,,,,,,,
"20/11/17",1292.35,1286.2,17.145,944,935,996,1000,
"21/11/17",1280,1283.3,17,927,927,994,994,
"22/11/17",1283.95,1286.95,16.965,934,938,1006,1001,
"23/11/17",1290.15,1290.35,17.095,933,933,1002,1005,
"24/11/17",1289.15,1290.5,17.05,936,935,1009,1001,
"25/11/17",,,,,,,,,,,,,,,,,,,
"26/11/17",,,,,,,,,,,,,,,,,,,
"27/11/17",1294.7,1294.9,17.1,940,948,996,1003,
"28/11/17",1293.9,1291.85,17.07,946,955,1002,1012,
"29/11/17",1294.85,1283.85,16.895,949,945,1024,1014,
"30/11/17",1282.15,1280.2,16.57,941,940,1018,1010,
"01/12/17",1277.25,1275.5,16.42,941,934,1014,1016,
"02/12/17",,,,,,,,,,,,,,,,,,,
"03/12/17",,,,,,,,,,,,,,,,,,,
"04/12/17",1279.1,1273.45,16.33,932,928,1016,1015,
"05/12/17",1275.9,1266.3,16.285,922,918,996,992,
"06/12/17",1268.55,1263.7,16.115,912,907,990,997,
"07/12/17",1256.8,1255,15.91,900,900,999,1013,
"08/12/17",1245.85,1250.65,15.825,895,892,1015,1009,
"09/12/17",,,,,,,,,,,,,,,,,,,
"10/12/17",,,,,,,,,,,,,,,,,,,
"11/12/17",1251.4,1247.15,15.835,890,884,1011,1007,
"12/12/17",1243.4,1240.9,15.78,892,883,1006,1006,
"13/12/17",1241.6,1242.65,15.705,877,877,1005,1008,
"14/12/17",1255.6,1251,16.01,879,879,1008,1020,
"15/12/17",1257.25,1254.6,15.985,881,882,1033,1028,
"16/12/17",,,,,,,,,,,,,,,,,,,
"17/12/17",,,,,,,,,,,,,,,,,,,
"18/12/17",1258.65,1260.6,16.09,896,902,1021,1015,
"19/12/17",1263.1,1260.35,16.155,908,914,1019,1016,
"20/12/17",1265.95,1264.55,16.185,918,920,1027,1031,
"21/12/17",1265.85,1264.55,16.145,914,917,1029,1033,
"22/12/17",1268.05,,16.175,912,,1028,,
"23/12/17",,,,,,,,,,,,,,,,,,,
"24/12/17",,,,,,,,,,,,,,,,,,,
"25/12/17",,,,,,,,,,,,,,,,,,,
"26/12/17",,,,,,,,
"27/12/17",1285.4,1279.4,16.5,922,919,1060,1055,
"28/12/17",1291.6,1291,16.74,923,925,1058,1057,
"29/12/17",1296.5,,16.865,927,,1056,,
"30/12/17",,,,,,,,,,,,,,,,,,,
"31/12/17",,,,,,,,,,,,,,,,,,,
"01/01/18",,,,,,,,,,,,,,,,,,,
"02/01/18",1312.8,1312.05,17.06,937,936,1071,1087,
"03/01/18",1314.6,1314.9,17.125,944,951,1083,1086,
"04/01/18",1313.7,1314.5,17.13,953,959,1098,1100,
"05/01/18",1317.9,1317.15,17.155,963,966,1096,1095,
"06/01/18",,,,,,,,,,,,,,,,,,,
"07/01/18",,,,,,,,,,,,,,,,,,,
"08/01/18",1318.8,1319.95,17.17,967,971,1096,1090,
"09/01/18",1314.95,1311,17.055,962,971,1103,1108,
"10/01/18",1321.65,1319.75,17.135,963,970,1099,1095,
"11/01/18",1319.85,1323.05,17.01,976,981,1082,1078,
"12/01/18",1332.9,1326.8,17.12,995,991,1086,1098,
"13/01/18",,,,,,,,,,,,,,,,,,,
"14/01/18",,,,,,,,,,,,,,,,,,,
"15/01/18",1343,1339.25,17.325,995,1002,1128,1129,
"16/01/18",1334.95,1333.85,17.095,991,994.5,1111,1105,
"17/01/18",1337.35,1335.65,17.21,1001,1002,1104,1104,
"18/01/18",1329.75,1332.2,17.09,999,1003,1106,1107,
"19/01/18",1335.8,1334.95,17.04,1012,1011,1111,1112,
"20/01/18",,,,,,,,,,,,,,,,,,,
"21/01/18",,,,,,,,,,,,,,,,,,,
"22/01/18",1334.15,1332.6,17.035,1018,1017,1098,1092,
"23/01/18",1337.1,1333.4,16.98,990,998,1088,1087,
"24/01/18",1350.5,1353.7,17.19,1014,1016,1099,1099,
"25/01/18",1360.25,1354.95,17.52,1020,1020,1106,1100,
"26/01/18",1354.35,1353.15,17.4,1020,1017,1097,1087,
"27/01/18",,,,,,,,,,,,,,,,,,,
"28/01/18",,,,,,,,,,,,,,,,,,,
"29/01/18",1348.4,1343.85,17.335,1009,1011,1090,1085,
"30/01/18",1345.7,1344.9,17.295,998,1004,1081,1083,
"31/01/18",1343.35,1345.05,17.23,1004,1003,1063,1051,
"01/02/18",1341.1,1341.35,17.19,997,996,1031,1039,
"02/02/18",1345,1331.15,17.135,1003,997,1047,1047,
"03/02/18",,,,,,,,,,,,,,,,,,,
"04/02/18",,,,,,,,,,,,,,,,,,,
"05/02/18",1337.1,1333.6,16.875,994,995,1038,1041,
"06/02/18",1344.65,1331.4,16.805,996,987,1029,1014,
"07/02/18",1328.5,1324.65,16.69,968,981,1007,994,
"08/02/18",1311.05,1315.45,16.345,974,975,990,985,
"09/02/18",1316.05,1314.1,16.355,972,969,970,969,
"10/02/18",,,,,,,,,,,,,,,,,,,
"11/02/18",,,,,,,,,,,,,,,,,,,
"12/02/18",1321.7,1322.3,16.425,966,965,987,985,
"13/02/18",1329.4,1325.35,16.605,971,969,988,993,
"14/02/18",1330.75,1336.25,16.58,973,972,989,993,
"15/02/18",1353.7,1352.45,16.825,1005,999,1020,1017,
"16/02/18",1358.6,1352.1,16.835,1011,1005,1028,1037,
"17/02/18",,,,,,,,,,,,,,,,,,,
"18/02/18",,,,,,,,,,,,,,,,,,,
"19/02/18",1347.4,1346.6,16.72,1010,1007,1050,1034,
"20/02/18",1337.4,1339.85,16.57,1002,1000,1030,1034,
"21/02/18",1328.6,1330.5,16.435,994,998,1027,1028,
"22/02/18",1323.5,1328.35,16.465,987,990,1024,1033,
"23/02/18",1328.9,1327.95,16.61,993,990,1041,1041,
"24/02/18",,,,,,,,,,,,,,,,,,,
"25/02/18",,,,,,,,,,,,,,,,,,,
"26/02/18",1339.05,1333.5,16.67,1005,997,1061,1062,
"27/02/18",1332.75,1325.75,16.61,996,994,1061,1062,
"28/02/18",1320.3,1317.85,16.44,981,979,1049,1041,
"01/03/18",1311.25,1307.75,16.315,972,969,1020,1011,
"02/03/18",1316.75,1322.3,16.445,960,968,991,993,
"03/03/18",,,,,,,,,,,,,,,,,,,
"04/03/18",,,,,,,,,,,,,,,,,,,
"05/03/18",1326.3,1320.4,16.51,967,957,992,983,
"06/03/18",1324.95,1331.4,16.62,960,966,981,996,
"07/03/18",1332.5,1329.4,16.645,960,959,979,980,
"08/03/18",1325.4,1321,16.48,949,954,970,985,
"09/03/18",1319.35,1320.6,16.485,951,949,978,984,
"10/03/18",,,,,,,,,,,,,,,,,,,
"11/03/18",,,,,,,,,,,,,,,,,,,
"12/03/18",1317.25,1319.15,16.455,958,958,991,986,
"13/03/18",1318.7,1322.75,16.51,961,967,981,993,
"14/03/18",1324.95,1323.55,16.605,969,964,1004,1007,
"15/03/18",1323.35,1318.75,16.52,957,959,994,987,
"16/03/18",1320.05,1310.1,16.475,957,950,990,987,
"17/03/18",,,,,,,,,,,,,,,,,,,
"18/03/18",,,,,,,,,,,,,,,,,,,
"19/03/18",1311.7,1312.4,16.285,942,956,997,999,
"20/03/18",1312.75,1311,16.25,950,945,995,982,
"21/03/18",1316.35,1321.35,16.245,946,947,986,988,
"22/03/18",1328.85,1329.15,16.52,956,950,988,984,
"23/03/18",1342.35,1346.6,16.53,954,954,982,986,
"24/03/18",,,,,,,,,,,,,,,,,,,
"25/03/18",,,,,,,,,,,,,,,,,,,
"26/03/18",1348.4,1352.4,16.61,950,950,981,976,
"27/03/18",1350.65,1341.45,16.64,957,949,978,980,
"28/03/18",1341.05,1332.45,16.455,942,939,977,977,
"29/03/18",1323.9,1323.85,16.28,936,936,971,970,
"30/03/18",,,,,,,,
"31/03/18",,,,,,,,,,,,,,,,,,,
"01/04/18",,,,,,,,,,,,,,,,,,,
"02/04/18",,,,,,,,
"03/04/18",1336.6,1333.45,16.52,934,927,941,946,
"04/04/18",1343.15,1337.3,16.46,924,919,929,923,
"05/04/18",1327.05,1327.7,16.305,910,911,929,912,
"06/04/18",1325.6,1331.2,16.275,911,911,906,909,
"07/04/18",,,,,,,,,,,,,,,,,,,
"08/04/18",,,,,,,,,,,,,,,,,,,
"09/04/18",1328.5,1331.95,16.34,918,923,916,930,
"10/04/18",1335.95,1338.95,16.49,933,929,935,950,
"11/04/18",1345.2,1350.75,16.565,931,933,955,958,
"12/04/18",1345.9,1341.35,16.655,926,928,955,955,
"13/04/18",1340.75,1343.75,16.505,933,929,978,986,
"14/04/18",,,,,,,,,,,,,,,,,,,
"15/04/18",,,,,,,,,,,,,,,,,,,
"16/04/18",1344.4,1349.35,16.6,930,930,988,1002,
"17/04/18",1342.95,1342.1,16.625,928,925,991,1002,
"18/04/18",1346.55,1351.45,16.945,944,946,1016,1034,
"19/04/18",1347.9,1348.6,17.195,950,943,1055,1036,
"20/04/18",1340.15,1336.75,17.11,931,933,1017,1031,
"21/04/18",,,,,,,,,,,,,,,,,,,
"22/04/18",,,,,,,,,,,,,,,,,,,
"23/04/18",1328,1324.3,16.935,922,920,1027,981,
"24/04/18",1327.35,1328.85,16.595,919,919,965,967,
"25/04/18",1325.7,1321.65,16.565,923,916,972,968,
"26/04/18",1321.9,1320.7,16.575,909,912,969,975,
"27/04/18",1317.7,1321.5,16.53,908,911,982,983,
"28/04/18",,,,,,,,,,,,,,,,,,,
"29/04/18",,,,,,,,,,,,,,,,,,,
"30/04/18",1316.25,1313.2,16.38,907,905,973,963,
"01/05/18",1309.2,1307.1,16.25,900,899,958,952,
"02/05/18",1304.2,1304.25,16.35,898,897,958,968,
"03/05/18",1313.3,1315.05,16.465,901,902,974,971,
"04/05/18",1309.35,1309.4,16.415,899,901,965,963,
"05/05/18",,,,,,,,,,,,,,,,,,,
"06/05/18",,,,,,,,,,,,,,,,,,,
"07/05/18",,,,,,,,
"08/05/18",1310.05,1306.6,16.445,909,911,972,971,
"09/05/18",1306.85,1313.85,16.44,909,913,975,976,
"10/05/18",1314.8,1318.8,16.6,916,923,978,991,
"11/05/18",1324.8,1324.35,16.76,927,926,1004,1004,
"12/05/18",,,,,,,,,,,,,,,,,,,
"13/05/18",,,,,,,,,,,,,,,,,,,
"14/05/18",1320.7,1319.85,16.645,926,921,995,1005,
"15/05/18",1310.05,1295,16.41,905,901,977,970,
"16/05/18",1291.75,1291.25,16.255,897,894,983,987,
"17/05/18",1288.85,1289.5,16.385,888,890,982,991,
"18/05/18",1287.2,1288.3,16.39,886,884,981,981,
"19/05/18",,,,,,,,,,,,,,,,,,,
"20/05/18",,,,,,,,,,,,,,,,,,,
"21/05/18",1285.85,1288.35,16.34,880,885,972,978,
"22/05/18",1293.9,1293.05,16.58,903,906,998,1001,
"23/05/18",1294,1289,16.53,904,903,978,972,
"24/05/18",1296.35,1304.85,16.51,908,909,968,972,
"25/05/18",1303.95,1303.5,16.67,912,908,980,978,
"26/05/18",,,,,,,,,,,,,,,,,,,
"27/05/18",,,,,,,,,,,,,,,,,,,
"28/05/18",,,,,,,,
"29/05/18",1302.05,1295.5,16.475,906,904,980,982,
"30/05/18",1298.6,1300.7,16.37,906,906,979,979,
"31/05/18",1303.5,1305.35,16.55,912,907,989,986,
"01/06/18",1299.15,1294.6,16.42,910,903,989,991,
"02/06/18",,,,,,,,,,,,,,,,,,,
"03/06/18",,,,,,,,,,,,,,,,,,,
"04/06/18",1294.65,1295.45,16.44,901,906,1009,1009,
"05/06/18",1292.25,1292.05,16.385,897,897,993,984,
"06/06/18",1295.25,1300.1,16.545,902,901,998,1008,
"07/06/18",1298.3,1297.25,16.745,907,905,1017,1027,
"08/06/18",1299.2,1298.25,16.72,898,901,1013,1015,
"09/06/18",,,,,,,,,,,,,,,,,,,
"10/06/18",,,,,,,,,,,,,,,,,,,
"11/06/18",1296.05,1299.6,16.76,904,906,1015,1019,
"12/06/18",1298.3,1298.65,16.855,906,907,1022,1025,
"13/06/18",1294.4,1296.15,16.905,893,900,1007,1013,
"14/06/18",1305.3,1302.75,17.125,905,909,1016,1010,
"15/06/18",1300.1,1285.25,17.225,903,898,1007,995,
"16/06/18",,,,,,,,,,,,,,,,,,,
"17/06/18",,,,,,,,,,,,,,,,,,,
"18/06/18",1281.25,1281.55,16.605,886,884,991,986,
"19/06/18",1279,1276.15,16.355,880,871,983,982,
"20/06/18",1273.25,1274.2,16.285,862,867,973,972,
"21/06/18",1263.7,1266.15,16.245,864,866,962,962,
"22/06/18",1269.7,1269.15,16.425,865,867,958,956,
"23/06/18",,,,,,,,,,,,,,,,,,,
"24/06/18",,,,,,,,,,,,,,,,,,,
"25/06/18",1269.8,1268.7,16.375,877,868,957,949,
"26/06/18",1257.15,1260.3,16.225,862,864,939,939,
"27/06/18",1256.8,1254.6,16.21,861,860,949,946,
"28/06/18",1250.5,1251.55,16.11,852,852,951,945,
"29/06/18",1250.55,1250.45,16.03,846,851,948,953,
"30/06/18",,,,,,,,,,,,,,,,,,,
"01/07/18",,,,,,,,,,,,,,,,,,,
"02/07/18",1249,1247.8,15.98,842,839,950,941,
"03/07/18",1245.85,1251.75,15.93,822,838,942,954,
"04/07/18",1256.9,1255.65,16.045,838,834,946,948,
"05/07/18",1252.5,1255.5,15.95,841,845.5,948,947,
"06/07/18",1254.2,1255.35,15.995,839,838,945,947,
"07/07/18",,,,,,,,,,,,,,,,,,,
"08/07/18",,,,,,,,,,,,,,,,,,,
"09/07/18",1262.6,1262.05,16.205,857,849,962,965,
"10/07/18",1253.7,1254,15.93,842,843,948,950,
"11/07/18",1250,1251.4,15.915,841,838,939,940,
"12/07/18",1244.85,1245.9,15.84,832,838,942,938,
"13/07/18",1240.5,1241.7,15.81,832,831,942,944,
"14/07/18",,,,,,,,,,,,,,,,,,,
"15/07/18",,,,,,,,,,,,,,,,,,,
"16/07/18",1244.9,1241.1,15.81,831,826,941,933,
"17/07/18",1243.65,1232.8,15.77,827,825,920,915,
"18/07/18",1223.45,1224.5,15.44,806,810,909,910,
"19/07/18",1217.4,1217.55,15.26,804,798,904,886,
"20/07/18",1224.85,1228.75,15.37,815,824,892,892,
"21/07/18",,,,,,,,,,,,,,,,,,,
"22/07/18",,,,,,,,,,,,,,,,,,,
"23/07/18",1229.45,1224.95,15.485,827,829,890,900,
"24/07/18",1224.3,1228.35,15.51,834,839,918,924,
"25/07/18",1230.55,1231.5,15.565,838,841,927,934,
"26/07/18",1228.35,1228.25,15.535,838,835,938,931,
"27/07/18",1219.15,1223.95,15.355,820,829,927,930,
"28/07/18",,,,,,,,,,,,,,,,,,,
"29/07/18",,,,,,,,,,,,,,,,,,,
"30/07/18",1222.05,1223.8,15.49,824,826,926,928,
"31/07/18",1219.2,1220.95,15.43,826,831,926,928,
"01/08/18",1222.75,1219,15.475,830,825,929,927,
"02/08/18",1217.6,1215.45,15.45,817,823,921,921,
"03/08/18",1207.7,1216.3,15.36,824,832,916,920,
"04/08/18",,,,,,,,,,,,,,,,,,,
"05/08/18",,,,,,,,,,,,,,,,,,,
"06/08/18",1212,1209.65,15.345,832,825,914,905,
"07/08/18",1215.4,1212.35,15.465,834,835,910,920,
"08/08/18",1212.35,1209.55,15.345,827,824,905,900,
"09/08/18",1215.5,1214.35,15.48,828,837,897,898,
"10/08/18",1211.65,1214.4,15.375,830,828,899,911,
"11/08/18",,,,,,,,,,,,,,,,,,,
"12/08/18",,,,,,,,,,,,,,,,,,,
"13/08/18",1204.4,1200.35,15.185,818,814,902,905,
"14/08/18",1195.3,1197,15.035,804,806,893,894,
"15/08/18",1186.7,1182,14.825,788,775,890,849,
"16/08/18",1179.65,1180.4,14.605,781,781,864,885,
"17/08/18",1176.7,1178.4,14.66,782,779,902,895,
"18/08/18",,,,,,,,,,,,,,,,,,,
"19/08/18",,,,,,,,,,,,,,,,,,,
"20/08/18",1188.75,1184.35,14.755,795,792,918,922,
"21/08/18",1194.1,1190.95,14.785,800,795,917,912,
"22/08/18",1196.85,1196.65,14.81,790,798,914,923,
"23/08/18",1187.3,1192.35,14.625,780,782.5,916,915,
"24/08/18",1189.95,1197.7,14.62,784,786,923,932,
"25/08/18",,,,,,,,,,,,,,,,,,,
"26/08/18",,,,,,,,,,,,,,,,,,,
"27/08/18",,,,,,,,
"28/08/18",1212.75,1212.25,14.9,807,805,950,953,
"29/08/18",1204.3,1204.2,14.69,792,793,941,950,
"30/08/18",1202.35,1197.3,14.665,791,792,980,980,
"31/08/18",1206.85,1202.45,14.655,798,792,977,979,
"01/09/18",,,,,,,,,,,,,,,,,,,
"02/09/18",,,,,,,,,,,,,,,,,,,
"03/09/18",1201.7,1200.05,14.525,787,788,985,980,
"04/09/18",1195.75,1190.85,14.25,778,772,966,967,
"05/09/18",1194.7,1196.7,14.17,774,774,982,988,
"06/09/18",1204.3,1205.15,14.265,790,790,983,978,
"07/09/18",1200.75,1198.9,14.185,793,776,979,982,
"08/09/18",,,,,,,,,,,,,,,,,,,
"09/09/18",,,,,,,,,,,,,,,,,,,
"10/09/18",1195.8,1196.6,14.215,782,797,979,994,
"11/09/18",1194,1189.85,14.125,789,784.5,969,972,
"12/09/18",1197.8,1195.6,14.155,789,788,973,979,
"13/09/18",1206.65,1209.8,14.225,804,810,977,982,
"14/09/18",1206.2,1201.95,14.215,807,805,979,987,
"15/09/18",,,,,,,,,,,,,,,,,,,
"16/09/18",,,,,,,,,,,,,,,,,,,
"17/09/18",1196.8,1201.9,14.17,795,801,980,982,
"18/09/18",1199.4,1200.2,14.21,801,814,991,999,
"19/09/18",1203,1203.3,14.185,820,817,1014,1025,
"20/09/18",1203,1208.35,14.23,822,826,1039,1050,
"21/09/18",1207.6,1198.7,14.33,838,829,1056,1045,
"22/09/18",,,,,,,,,,,,,,,,,,,
"23/09/18",,,,,,,,,,,,,,,,,,,
"24/09/18",1198.75,1202.75,14.315,826,830,1053,1058,
"25/09/18",1199.45,1201.9,14.29,830,827,1057,1065,
"26/09/18",1198.8,1194.25,14.475,826,824,1059,1065,
"27/09/18",1196,1185.4,14.42,829,812,1075,1067,
"28/09/18",1183.5,1187.25,14.305,811,815,1086,1094,
"29/09/18",,,,,,,,,,,,,,,,,,,
"30/09/18",,,,,,,,,,,,,,,,,,,
